name,population,income,educational attainment,unemployment,health insurance coverage,housing cost burden,state,congressional district,composite_score
"Congressional District 1 (118th Congress), Alabama",0.21968798263772385,0.9997589983757296,0.23165467625899278,1.0,0.21817326200835413,0.8363718363665305,Alabama,01,0.5842744592745551
"Congressional District 2 (118th Congress), Alabama",0.21835073044650657,0.9997588574285847,0.22014388489208636,1.0,0.21370990358307554,0.8344033533188306,Alabama,02,0.581061121611514
"Congressional District 3 (118th Congress), Alabama",0.21930752583286428,0.999751940522428,0.18129496402877693,1.0,0.21711312578084888,0.8222316549052899,Alabama,03,0.5732832018450346
"Congressional District 4 (118th Congress), Alabama",0.2193347231466253,0.9997534444584513,0.1251798561151079,1.0,0.21887868405043537,0.8549371252719266,Alabama,04,0.5696806388404244
"Congressional District 5 (118th Congress), Alabama",0.22028937941841753,0.9997810910909503,0.37266187050359717,1.0,0.21869254385235015,0.8732265081975912,Alabama,05,0.6141085655104844
"Congressional District 6 (118th Congress), Alabama",0.21739301829676366,0.9997856763714678,0.4172661870503597,1.0,0.21719695050581442,0.8876107603332095,Alabama,06,0.6232087654262691
"Congressional District 7 (118th Congress), Alabama",0.22216018789982345,0.9997447222292916,0.2028776978417266,1.0,0.22017550185431387,0.7639571284554572,Alabama,07,0.5681525397134354
"Congressional District (at Large) (118th Congress), Alaska",0.22455232915961523,0.9998051210796924,0.30071942446043165,1.0,0.21769527616856907,0.9012203533718894,Alaska,00,0.607332084040033
"Congressional District 1 (118th Congress), Arizona",0.24116163699714765,0.9998240424841564,0.5870503597122303,1.0,0.24197424485325433,0.8770042977662227,Arizona,01,0.6578357636355019
"Congressional District 2 (118th Congress), Arizona",0.24416434267148518,0.9997582261653088,0.21870503597122304,1.0,0.24003826352151367,0.8662545763251446,Arizona,02,0.5948200741091126
"Congressional District 3 (118th Congress), Arizona",0.24689568638380238,0.9997529931277005,0.11798561151079134,1.0,0.24657659206882504,0.8585610441980156,Arizona,03,0.5782953212148558
"Congressional District 4 (118th Congress), Arizona",0.24486352754660062,0.9997864380858246,0.3942446043165468,1.0,0.24579751521326304,0.868674059532021,Arizona,04,0.6255610241157094
"Congressional District 5 (118th Congress), Arizona",0.24072923026712653,0.9998124053480882,0.4302158273381295,1.0,0.24241370830105158,0.9338356237066907,Arizona,05,0.6411677991601811
"Congressional District 6 (118th Congress), Arizona",0.2398659447460596,0.9997756901163185,0.4071942446043166,1.0,0.234289489920385,0.8585981853875948,Arizona,06,0.6232872591291124
"Congressional District 7 (118th Congress), Arizona",0.24644800026402786,0.9997443518681772,0.1597122302158273,1.0,0.24185713678161133,0.8162784528041598,Arizona,07,0.5773400286556339
"Congressional District 8 (118th Congress), Arizona",0.239719262604427,0.9997794806948496,0.3122302158273381,1.0,0.23985458875651566,0.8756088502148883,Arizona,08,0.6111987330163365
"Congressional District 9 (118th Congress), Arizona",0.2479142105047638,0.999766837436078,0.1726618705035971,1.0,0.24304177738002125,0.8869156894996552,Arizona,09,0.5917167308873525
"Congressional District 1 (118th Congress), Arkansas",0.23044650655088558,0.9997440894665779,0.11223021582733816,1.0,0.2256475305914019,0.8119700748129676,Arkansas,01,0.5633397362081952
"Congressional District 2 (118th Congress), Arkansas",0.22957833162509758,0.99976403348756,0.32661870503597124,1.0,0.22852499918332528,0.8311349286358571,Arkansas,02,0.6026034996613019
"Congressional District 3 (118th Congress), Arkansas",0.23181034488027377,0.999775940522416,0.30647482014388494,1.0,0.23186905098700533,0.8754815089934738,Arkansas,03,0.6075686109211756
"Congressional District 4 (118th Congress), Arkansas",0.2306332206936721,0.9997380767213604,0.11798561151079134,1.0,0.22748520277878964,0.8149254523266303,Arkansas,04,0.5651279273385406
"Congressional District 1 (118th Congress), California",0.2341508418026991,0.9997739342747599,0.1856115107913669,1.0,0.23098858319573135,0.8461399692258715,California,01,0.5827774732150715
"Congressional District 2 (118th Congress), California",0.23335386883316192,0.9998456148944916,0.46762589928057546,1.0,0.2323045081060358,0.878765851329124,California,02,0.6353159570738982
"Congressional District 3 (118th Congress), California",0.23373371446243135,0.9998300687243132,0.43741007194244613,1.0,0.23267709668134215,0.899877964662811,California,03,0.6339214860788907
"Congressional District 4 (118th Congress), California",0.23357450322120096,0.9998261312008865,0.3683453237410072,1.0,0.23169616249176392,0.8870960895633258,California,04,0.6200897017030308
"Congressional District 5 (118th Congress), California",0.23265987895056264,0.9998012765214037,0.2935251798561151,1.0,0.23163113669408844,0.8865283599511858,California,05,0.607357638662226
"Congressional District 6 (118th Congress), California",0.23090030442656145,0.9997970900913171,0.28057553956834536,1.0,0.231819434146125,0.8732901788082984,California,06,0.6027304245067745
"Congressional District 7 (118th Congress), California",0.2302649874006152,0.9998108654255599,0.33956834532374097,1.0,0.23047053406827894,0.8757839443943334,California,07,0.6126497794354214
"Congressional District 8 (118th Congress), California",0.23004038037124028,0.9998175964014406,0.28776978417266186,1.0,0.23014386418422209,0.903825542526662,California,08,0.6085995279427044
"Congressional District 9 (118th Congress), California",0.23289518155276495,0.9998028749220027,0.15251798561151075,1.0,0.23181419510081464,0.9019048124369926,California,09,0.5864891749373475
"Congressional District 10 (118th Congress), California",0.23102223395679355,0.9999097233537874,0.6474820143884892,1.0,0.23151063865195048,0.9323287525866185,California,10,0.67370889382294
"Congressional District 11 (118th Congress), California",0.2248881701463949,0.9999812360364956,0.7798561151079137,1.0,0.22568266301289483,0.8628747280734335,California,11,0.682213818729522
"Congressional District 12 (118th Congress), California",0.2292550197379157,0.9998944740722756,0.6287769784172661,1.0,0.22993430237180826,0.8664031410834616,California,12,0.6590439859471212
"Congressional District 13 (118th Congress), California",0.23560055030250138,0.9997631863052538,0.0474820143884892,1.0,0.23330331668549642,0.8877646309757521,California,13,0.5673189497762489
"Congressional District 14 (118th Congress), California",0.22967581413172425,0.9999058023241755,0.525179856115108,1.0,0.23043540164678603,0.9373905661378469,California,14,0.6537645733926067
"Congressional District 15 (118th Congress), California",0.22982188509776671,0.9999240849681749,0.5482014388489209,1.0,0.23059473026004773,0.9380538016660477,California,15,0.6577659901401597
"Congressional District 16 (118th Congress), California",0.2289576828133146,0.9999969081594416,0.7553956834532374,1.0,0.22964492216319565,0.9296651987053642,California,16,0.6906100658824256
"Congressional District 17 (118th Congress), California",0.22967764765849466,0.9999758845433082,0.7568345323741008,1.0,0.23024094061203143,0.9440812861463362,California,17,0.6934683818890454
"Congressional District 18 (118th Congress), California",0.23200225401557642,0.9998434482070006,0.19712230215827337,1.0,0.2305253899544696,0.9301161988645408,California,18,0.5982682655333101
"Congressional District 19 (118th Congress), California",0.23039211192336348,0.999888311383287,0.5266187050359712,1.0,0.2298578739461044,0.9306573990555527,California,19,0.6529024002240464
"Congressional District 20 (118th Congress), California",0.2328982374307156,0.9997975729102598,0.2676258992805755,1.0,0.23070382567415726,0.895675704356131,California,20,0.6044502066086399
"Congressional District 21 (118th Congress), California",0.23190843856249058,0.9997592787705813,0.09496402877697838,1.0,0.23152389035479432,0.8370191542420544,California,21,0.5658624651178165
"Congressional District 22 (118th Congress), California",0.23860783979376493,0.9997453639886315,0.0,1.0,0.2320530339311392,0.8502201941953627,California,22,0.553437738651483
"Congressional District 23 (118th Congress), California",0.2318959094628928,0.9997701601900436,0.1510791366906475,1.0,0.22652245115822964,0.8741232026317186,California,23,0.5805651433555886
"Congressional District 24 (118th Congress), California",0.23231670385670133,0.9998326732476157,0.4028776978417266,1.0,0.2303053500514351,0.8866557011726004,California,24,0.6253313543616797
"Congressional District 25 (118th Congress), California",0.23321818785215176,0.9997583161315714,0.09496402877697838,1.0,0.2300412405319665,0.8492226879609487,California,25,0.5678674102089362
"Congressional District 26 (118th Congress), California",0.23151392471905788,0.9998454034737746,0.37985611510791367,1.0,0.23154268928208438,0.9342600944447392,California,26,0.6295030378379283
"Congressional District 27 (118th Congress), California",0.22844551766878074,0.9998142826441012,0.28057553956834536,1.0,0.22730676705910197,0.9112696980951875,California,27,0.6079019675059195
"Congressional District 28 (118th Congress), California",0.2286383435674686,0.9998626215169998,0.5338129496402877,1.0,0.22896846895988926,0.9017403300259988,California,28,0.648837118951774
"Congressional District 29 (118th Congress), California",0.22685218290529652,0.9997963493690883,0.2028776978417266,1.0,0.22757180111597827,0.8570170318883642,California,29,0.585685843853409
"Congressional District 30 (118th Congress), California",0.22758864949141025,0.9998628554292825,0.5712230215827339,1.0,0.22809447293046925,0.8125059691197538,California,30,0.6398791614256084
"Congressional District 31 (118th Congress), California",0.22909275261873463,0.9998044778209149,0.20863309352517984,1.0,0.229732445037792,0.9181249005146708,California,31,0.5975646115862153
"Congressional District 32 (118th Congress), California",0.23365181693335316,0.9998750368612395,0.5928057553956834,1.0,0.23441830879919232,0.8915371146601581,California,32,0.6587146721082711
"Congressional District 33 (118th Congress), California",0.23152645381865566,0.9997928436837221,0.15395683453237408,1.0,0.23051614458039255,0.9050352841301003,California,33,0.5868045934575409
"Congressional District 34 (118th Congress), California",0.23432747154824835,0.9998084828190386,0.25467625899280577,1.0,0.23232269067505407,0.8042181779593569,California,34,0.5875588469990839
"Congressional District 35 (118th Congress), California",0.2345251868516573,0.9997970900913171,0.1726618705035971,1.0,0.23337697149897715,0.9175624767867565,California,35,0.5929872659553842
"Congressional District 36 (118th Congress), California",0.22626881580451183,0.9999195611646035,0.8,1.0,0.22718072179251778,0.893155409348968,California,36,0.6910874180184335
"Congressional District 37 (118th Congress), California",0.2310686833016439,0.9997973255030376,0.2561151079136691,1.0,0.2322675266097275,0.8189367008011885,California,37,0.5896975573548778
"Congressional District 38 (118th Congress), California",0.23044681213868065,0.9998180462327536,0.279136690647482,1.0,0.23120862309876586,0.9248262322916114,California,38,0.6109060674015488
"Congressional District 39 (118th Congress), California",0.23222349957920563,0.9997911823067394,0.1280575539568345,1.0,0.233060779705541,0.9257547620310925,California,39,0.5864812962632355
"Congressional District 40 (118th Congress), California",0.23054521140869252,0.999884607772143,0.5827338129496402,1.0,0.23184069850650227,0.9326630232928318,California,40,0.6629445589883017
"Congressional District 41 (118th Congress), California",0.2354315602518288,0.9998105760340819,0.28633093525179854,1.0,0.23523159353883952,0.906547461134398,California,41,0.6105586877018244
"Congressional District 42 (118th Congress), California",0.2299820131023823,0.9998130021242968,0.21726618705035966,1.0,0.23071615283959337,0.8787711572133496,California,42,0.5927580853883304
"Congressional District 43 (118th Congress), California",0.2284009018507008,0.999789777333605,0.16258992805755396,1.0,0.22949545528228285,0.8713057781079216,California,43,0.5819303067720107
"Congressional District 44 (118th Congress), California",0.231159137288984,0.9998063866051198,0.1827338129496403,1.0,0.23097409877634392,0.8969915636440813,California,44,0.5902774998773616
"Congressional District 45 (118th Congress), California",0.23119855811454776,0.9998419022867214,0.3942446043165468,1.0,0.23216305388265648,0.9187509948532923,California,45,0.6293665189089608
"Congressional District 46 (118th Congress), California",0.23204228601673033,0.9998160204924073,0.17841726618705034,1.0,0.23156179638851035,0.9131108399214729,California,46,0.5924913681676952
"Congressional District 47 (118th Congress), California",0.23040219632060072,0.9999015844058969,0.6964028776978417,1.0,0.2316591809954556,0.9059744256380325,California,47,0.6773900441763047
"Congressional District 48 (118th Congress), California",0.2334959671578685,0.9998318170686833,0.3323741007194244,1.0,0.23191589421566253,0.9235103730036611,California,48,0.6201880253608834
"Congressional District 49 (118th Congress), California",0.23114080202127993,0.9998724548295026,0.5366906474820143,1.0,0.22309765642094312,0.9286836101236271,California,49,0.6532475284795612
"Congressional District 50 (118th Congress), California",0.22490895011645953,0.9998845777833889,0.702158273381295,1.0,0.22003959485538077,0.8956863161245822,California,50,0.6737796187101844
"Congressional District 51 (118th Congress), California",0.23305072574045452,0.9998388689242339,0.4964028776978417,1.0,0.229076948015727,0.9044038839072531,California,51,0.6437955507142518
"Congressional District 52 (118th Congress), California",0.23510427572331105,0.9998076671249242,0.19568345323741004,1.0,0.22855612527605146,0.8965352576006792,California,52,0.592614463160396
"Congressional District 1 (118th Congress), Colorado",0.21911806139992215,0.9998248911659002,0.6402877697841727,1.0,0.21886327509364023,0.8577598556799491,Colorado,01,0.655975642187264
"Congressional District 2 (118th Congress), Colorado",0.2194749879445615,0.999831658128286,0.6920863309352518,1.0,0.21980876868258967,0.8820873348543534,Colorado,02,0.6688815134241738
"Congressional District 3 (118th Congress), Colorado",0.220948226704584,0.9997576698739183,0.31366906474820144,1.0,0.21991262505138887,0.8490635114341805,Colorado,03,0.6005585163020455
"Congressional District 4 (118th Congress), Colorado",0.22228792359816185,0.999834145695447,0.525179856115108,1.0,0.22122762542428562,0.9291611397039317,Colorado,04,0.649615115089489
"Congressional District 5 (118th Congress), Colorado",0.22064355567290128,0.999792000999729,0.43884892086330934,1.0,0.2111803692355863,0.901549318193877,Colorado,05,0.6286690274942338
"Congressional District 6 (118th Congress), Colorado",0.22057632635798632,0.9998107604649202,0.4906474820143885,1.0,0.2205465495339407,0.9071523319361172,Colorado,06,0.6397889083845588
"Congressional District 7 (118th Congress), Colorado",0.21990219968206648,0.9998194916907062,0.5309352517985613,1.0,0.21672759368183464,0.9128561574786438,Colorado,07,0.6467067823886353
"Congressional District 8 (118th Congress), Colorado",0.22053171053990642,0.9997965367988021,0.26043165467625895,1.0,0.22087137034318213,0.9109619568101024,Colorado,08,0.602098871528042
"Congressional District 1 (118th Congress), Connecticut",0.21954985695435314,0.9998092730227117,0.41151079136690644,1.0,0.21898932036022442,0.8629330927999151,Connecticut,01,0.6187987224173518
"Congressional District 2 (118th Congress), Connecticut",0.22116122139774635,0.9998139962514986,0.41294964028776976,1.0,0.21764904929818366,0.897479704992837,Connecticut,02,0.6248422687046725
"Congressional District 3 (118th Congress), Connecticut",0.221123634098953,0.9998168826690905,0.42446043165467623,1.0,0.22110219651597324,0.868647530110893,Connecticut,03,0.6225251125082644
"Congressional District 4 (118th Congress), Connecticut",0.2206432500851062,0.9998932655254812,0.6215827338129496,1.0,0.22114071890796108,0.8962858810420756,Connecticut,04,0.659924308228929
"Congressional District 5 (118th Congress), Connecticut",0.22109643678519197,0.999812597276115,0.40575539568345326,1.0,0.2203986235487074,0.8785589218443254,Connecticut,05,0.6209369958562988
"Congressional Districts not defined (118th Congress), Connecticut",0.0,0.0,,1.0,0.0,1.0,Connecticut,ZZ,
"Congressional District (at Large) (118th Congress), Delaware",0.30364272875232784,0.9997851950519628,0.3553956834532374,1.0,0.301970250851653,0.8403300259988327,Delaware,00,0.6335206473513356
"Delegate District (at Large) (118th Congress), District of Columbia",0.2049232027312215,0.9998931140822725,0.7597122302158275,1.0,0.2038900835966724,0.842441767920624,,98,0.668476733091103
"Congressional District 1 (118th Congress), Florida",0.23600270384081076,0.9997717645883933,0.29784172661870506,1.0,0.22502870688650933,0.8758370032365894,Florida,01,0.6057469841951679
"Congressional District 2 (118th Congress), Florida",0.23706553819205706,0.9997600419843757,0.28489208633093527,1.0,0.22650211133526008,0.8281158805114872,Florida,02,0.5960559430590192
"Congressional District 3 (118th Congress), Florida",0.23520817557363413,0.9997538418094445,0.2561151079136691,1.0,0.22668671063766577,0.8235262906563379,Florida,03,0.5902150210984586
"Congressional District 4 (118th Congress), Florida",0.23686660053746783,0.9997614484569478,0.21870503597122304,1.0,0.23394124749681497,0.8558125961691516,Florida,04,0.5908478214386008
"Congressional District 5 (118th Congress), Florida",0.23547770400888407,0.9997960884669268,0.4892086330935252,1.0,0.23303643355380468,0.8977715286252455,Florida,05,0.6425483979580644
"Congressional District 6 (118th Congress), Florida",0.23821882653064344,0.9997487452206678,0.2,1.0,0.23742706170301023,0.8279726216373959,Florida,06,0.5838945425152863
"Congressional District 7 (118th Congress), Florida",0.2358881084176603,0.9997711558166831,0.3669064748201439,1.0,0.23628186803399587,0.878590757149679,Florida,07,0.6195730607063603
"Congressional District 8 (118th Congress), Florida",0.23638316064567036,0.9997634667001056,0.3323741007194244,1.0,0.235803265835939,0.8680161298880459,Florida,08,0.6120566872981975
"Congressional District 9 (118th Congress), Florida",0.23050517940753862,0.9997556066476293,0.30935251798561153,1.0,0.23141602765722838,0.894503103942272,Florida,09,0.6109220726067133
"Congressional District 10 (118th Congress), Florida",0.23999581955896349,0.9997748984132075,0.37266187050359717,1.0,0.2390647256311971,0.8534143364991775,Florida,10,0.6174852751010239
"Congressional District 11 (118th Congress), Florida",0.23741268592725423,0.9997738263152448,0.3410071942446043,1.0,0.23511849179596322,0.9066641905873614,Florida,11,0.6199960648117379
"Congressional District 12 (118th Congress), Florida",0.23552720923168508,0.9997477061103347,0.1899280575539568,1.0,0.2347033744999023,0.8380856369714013,Florida,12,0.5829986640612134
"Congressional District 13 (118th Congress), Florida",0.23486102783843696,0.999771751093454,0.33956834532374097,1.0,0.23308820764863633,0.8337719530959835,Florida,13,0.606843547500042
"Congressional District 14 (118th Congress), Florida",0.2361157713249859,0.9997810910909503,0.42589928057553955,1.0,0.23542636275273002,0.8318459171220884,Florida,14,0.621511403811049
"Congressional District 15 (118th Congress), Florida",0.24000559836840565,0.9997774774460689,0.31798561151079136,1.0,0.23978031758476312,0.8526502891706903,Florida,15,0.6083665490134532
"Congressional District 16 (118th Congress), Florida",0.23660501738488968,0.9997832097964346,0.3410071942446043,1.0,0.23626368546497759,0.8910171380060488,Florida,16,0.6174460408161592
"Congressional District 17 (118th Congress), Florida",0.24014189052500595,0.9997591228290594,0.3107913669064748,1.0,0.23925456397891315,0.8505544649015758,Florida,17,0.6067502348568382
"Congressional District 18 (118th Congress), Florida",0.2385546675174231,0.9997457358491836,0.12949640287769787,1.0,0.23578508326692074,0.8567411259086327,Florida,18,0.5767205025699763
"Congressional District 19 (118th Congress), Florida",0.23621080912925205,0.9997726912408983,0.381294964028777,1.0,0.2361857161435942,0.8580092322385525,Florida,19,0.618578902130179
"Congressional District 20 (118th Congress), Florida",0.23631715368193568,0.9997476566288903,0.21438848920863307,1.0,0.23513698254411738,0.8118798747811322,Florida,20,0.5829116928074515
"Congressional District 21 (118th Congress), Florida",0.23717982802741247,0.9997776918656615,0.35971223021582727,1.0,0.23699252912138744,0.8683291770573567,Florida,21,0.616998576047941
"Congressional District 22 (118th Congress), Florida",0.23484513727309345,0.9997748384356991,0.37841726618705035,1.0,0.23518074398141556,0.8580782087334855,Florida,22,0.6177160324351241
"Congressional District 23 (118th Congress), Florida",0.23301252726607102,0.9997970346121219,0.49208633093525184,1.0,0.23267740486047805,0.8495516527829363,Florida,23,0.6345208250761432
"Congressional District 24 (118th Congress), Florida",0.2383945395128075,0.9997504050982129,0.28633093525179854,1.0,0.2389278940948563,0.8209051838488884,Florida,24,0.5973848263010939
"Congressional District 25 (118th Congress), Florida",0.23391034420798062,0.9998057793328472,0.4287769784172662,1.0,0.23491755899935468,0.8579243380909429,Florida,25,0.6258891665080653
"Congressional District 26 (118th Congress), Florida",0.23688707491973737,0.9997654159691288,0.26618705035971224,1.0,0.23633795663673016,0.8402716612723511,Florida,26,0.59657485985961
"Congressional District 27 (118th Congress), Florida",0.23001043276732364,0.9998113737349437,0.45179856115107914,1.0,0.23040427555405985,0.8313949169629119,Florida,27,0.6239032600283864
"Congressional District 28 (118th Congress), Florida",0.2336444828262715,0.9997750273648506,0.28057553956834536,1.0,0.2329581560532854,0.8768026741656497,Florida,28,0.6039593133297337
"Congressional District 1 (118th Congress), Georgia",0.23488241898409173,0.9997654894415766,0.25323741007194245,1.0,0.22774037510331704,0.8548734546612193,Georgia,01,0.5950831913770246
"Congressional District 2 (118th Congress), Georgia",0.23153623262809783,0.9997449411471973,0.15827338129496404,1.0,0.2230964237043995,0.7651297288693161,Georgia,02,0.5629634512739957
"Congressional District 3 (118th Congress), Georgia",0.23457927589138433,0.9997773155067962,0.2589928057553957,1.0,0.23381335315541535,0.8693903539024779,Georgia,03,0.5994255173685782
"Congressional District 4 (118th Congress), Georgia",0.23420859789596693,0.9997787924529407,0.44748201438848917,1.0,0.23460352445986984,0.879614792805221,Georgia,04,0.6326146203337479
"Congressional District 5 (118th Congress), Georgia",0.2311218555779857,0.9998245912783582,0.6302158273381295,1.0,0.23003384423270484,0.8085636971401284,Georgia,05,0.6499599692612178
"Congressional District 6 (118th Congress), Georgia",0.2346232805338741,0.9998587634637717,0.6992805755395683,1.0,0.23588031061991466,0.9423727914256911,Georgia,06,0.6853359535971366
"Congressional District 7 (118th Congress), Georgia",0.23335081295521123,0.9997964033488459,0.44604316546762585,1.0,0.2348842756526772,0.9125961691515891,Georgia,07,0.6377784710959915
"Congressional District 8 (118th Congress), Georgia",0.23440753555055616,0.9997614514558233,0.1827338129496403,1.0,0.22766887754378765,0.8307422932031623,Georgia,08,0.5792189951171617
"Congressional District 9 (118th Congress), Georgia",0.23486775076992847,0.999774088716844,0.2964028776978417,1.0,0.23398870708374397,0.8886931607152332,Georgia,09,0.6089544308305985
"Congressional District 10 (118th Congress), Georgia",0.23548748281832624,0.9997740407348373,0.27482014388489207,1.0,0.2342867163081619,0.8660051997665411,Georgia,10,0.6017289305854597
"Congressional District 11 (118th Congress), Georgia",0.23558618767613318,0.9998060087468169,0.46474820143884893,1.0,0.23559277948611745,0.8996179763357564,Georgia,11,0.6392251922806121
"Congressional District 12 (118th Congress), Georgia",0.23357266969443055,0.9997624755717792,0.19568345323741004,1.0,0.22623615274097605,0.8226189844537592,Georgia,12,0.5796456226163925
"Congressional District 13 (118th Congress), Georgia",0.23388742512335053,0.9997613075098031,0.2935251798561151,1.0,0.2342457284830868,0.8828195468774871,Georgia,13,0.6073731979749737
"Congressional District 14 (118th Congress), Georgia",0.23450012865246173,0.9997675241785492,0.17841726618705034,1.0,0.23364077283930984,0.8827930174563591,Georgia,14,0.5881864515522883
"Congressional District 1 (118th Congress), Hawaii",0.22099650957620476,0.9998356421342818,0.40431654676258993,1.0,0.2130266704387793,0.9224545020427655,Hawaii,01,0.6267716451591036
"Congressional District 2 (118th Congress), Hawaii",0.22228578448359637,0.9998095279271225,0.3107913669064748,1.0,0.2155765446092381,0.9181089828619939,Hawaii,02,0.6110953677980709
"Congressional District 1 (118th Congress), Idaho",0.28465594786916687,0.9997659962515226,0.2647482014388489,1.0,0.28273925641305375,0.8731256963973046,Idaho,01,0.6175058497283161
"Congressional District 2 (118th Congress), Idaho",0.2819371332564475,0.9997624485819004,0.3237410071942446,1.0,0.2805687507588911,0.8564864434658036,Idaho,02,0.6237492972095479
"Congressional District 1 (118th Congress), Illinois",0.2304205315883048,0.99978961689377,0.31510791366906477,1.0,0.2307765559502303,0.7979041757308856,Illinois,01,0.5956664656387093
"Congressional District 2 (118th Congress), Illinois",0.23072428585660232,0.9997569741348209,0.20143884892086333,1.0,0.22956356287131732,0.8041438955801985,Illinois,02,0.5776045945606337
"Congressional District 3 (118th Congress), Illinois",0.22809439729224767,0.9998048331876521,0.36546762589928067,1.0,0.22875859896833953,0.8901310553403725,Illinois,03,0.6187094184479821
"Congressional District 4 (118th Congress), Illinois",0.22470298394258373,0.9997820042485157,0.19424460431654678,1.0,0.223107518153292,0.8912771263331034,Illinois,04,0.5888523728323403
"Congressional District 5 (118th Congress), Illinois",0.23033771729584138,0.9998761704361483,0.785611510791367,1.0,0.2307423480661451,0.8958720220724784,Illinois,05,0.6904066281103302
"Congressional District 6 (118th Congress), Illinois",0.23061182954801732,0.9998138253155997,0.48633093525179855,1.0,0.23098735047918773,0.902546824428291,Illinois,06,0.6417151275038157
"Congressional District 7 (118th Congress), Illinois",0.22324777486247022,0.9998110903412164,0.5223021582733813,1.0,0.223899230353426,0.7726375550485489,Illinois,07,0.6236496348131738
"Congressional District 8 (118th Congress), Illinois",0.23040097396942044,0.999803716106558,0.423021582733813,1.0,0.23105977257612487,0.9165914999734706,Illinois,08,0.6334795908932312
"Congressional District 9 (118th Congress), Illinois",0.22915875958246928,0.9998354502062549,0.6489208633093526,1.0,0.22816566231086277,0.8733220141136521,Illinois,09,0.6632337915870986
"Congressional District 10 (118th Congress), Illinois",0.2302032586660115,0.9998324513308346,0.5280575539568346,1.0,0.2264028776534994,0.9155462407810262,Illinois,10,0.6500070637313677
"Congressional District 11 (118th Congress), Illinois",0.22933936196935445,0.9998243573660754,0.4949640287769785,1.0,0.22966649470270883,0.919037512601475,Illinois,11,0.6454719592360988
"Congressional District 12 (118th Congress), Illinois",0.23008988559404128,0.9997670263652294,0.20143884892086333,1.0,0.22455842552512184,0.8469305459754868,Illinois,12,0.5837974553967905
"Congressional District 13 (118th Congress), Illinois",0.22971401260610774,0.9997630228665435,0.302158273381295,1.0,0.22882670655737403,0.8028917069029554,Illinois,13,0.5938922870523793
"Congressional District 14 (118th Congress), Illinois",0.23145402951122457,0.9998006107710604,0.3237410071942446,1.0,0.23066591964044122,0.9105162625351515,Illinois,14,0.6160296382753537
"Congressional District 15 (118th Congress), Illinois",0.2304520071311968,0.9997681029615053,0.22014388489208636,1.0,0.22637606606867586,0.8709662015174828,Illinois,15,0.5912843770951579
"Congressional District 16 (118th Congress), Illinois",0.22958322102981865,0.9997842189180135,0.302158273381295,1.0,0.22897586525915092,0.8900249376558603,Illinois,16,0.6084210860406898
"Congressional District 17 (118th Congress), Illinois",0.2300422138980107,0.999752121954391,0.20431654676258992,1.0,0.22697948081677333,0.7862736775083567,Illinois,17,0.5745606734900203
"Congressional Districts not defined (118th Congress), Illinois",0.0,0.0,,1.0,0.0,1.0,Illinois,ZZ,
"Congressional District 1 (118th Congress), Indiana",0.2303279384863992,0.9997742611521807,0.22446043165467622,1.0,0.22853362819913056,0.8608903273730567,Indiana,01,0.5906644311442405
"Congressional District 2 (118th Congress), Indiana",0.2300067657137828,0.9997553982257875,0.20575539568345325,1.0,0.22889019145936998,0.8618666100705683,Indiana,02,0.5877123935254936
"Congressional District 3 (118th Congress), Indiana",0.2302442074305506,0.9997573789830027,0.2129496402877698,1.0,0.22980733256781635,0.875990873879132,Indiana,03,0.5914582388580453
"Congressional District 4 (118th Congress), Indiana",0.23102651218592452,0.9997768386856044,0.302158273381295,1.0,0.22942457408102523,0.8790470631930811,Indiana,04,0.6069055435878217
"Congressional District 5 (118th Congress), Indiana",0.23106257154574253,0.9997882688992685,0.42446043165467623,1.0,0.22983383597350399,0.8800498753117207,Indiana,05,0.6275324972308187
"Congressional District 6 (118th Congress), Indiana",0.23002448980589676,0.9997677775835222,0.25323741007194245,1.0,0.22852315010850988,0.8728604021860243,Indiana,06,0.597402204959316
"Congressional District 7 (118th Congress), Indiana",0.22929291262450413,0.9997588439336453,0.35683453237410073,1.0,0.22883841736453833,0.8012150474876638,Indiana,07,0.602656625630742
"Congressional District 8 (118th Congress), Indiana",0.2305598796228558,0.9997556771212016,0.17985611510791366,1.0,0.2274241833098809,0.8460603809624874,Indiana,08,0.5806093726873899
"Congressional District 9 (118th Congress), Indiana",0.2306854762066287,0.9997643258779135,0.2330935251798561,1.0,0.2298255151368346,0.8582108558391256,Indiana,09,0.5919299497067264
"Congressional District 1 (118th Congress), Iowa",0.24371482302494027,0.9997772840186043,0.3122302158273381,1.0,0.2416716129417979,0.8444155568525495,Iowa,01,0.6069682487775384
"Congressional District 2 (118th Congress), Iowa",0.24321732609456967,0.9997686457579563,0.26618705035971224,1.0,0.24234714160769658,0.850485488406643,Iowa,02,0.6003342753710964
"Congressional District 3 (118th Congress), Iowa",0.24418940087068075,0.9997869508935213,0.3683453237410072,1.0,0.24324579196798882,0.8655382819546877,Iowa,03,0.6201842915713144
"Congressional District 4 (118th Congress), Iowa",0.24334781208306366,0.9997676501313169,0.2302158273381295,1.0,0.24123708036017513,0.845338780707805,Iowa,04,0.5933178584367483
"Congressional District 1 (118th Congress), Kansas",0.22439709055972074,0.9997630363614829,0.2820143884892086,1.0,0.22004791569205015,0.8468987106701331,Kansas,01,0.5955201902954327
"Congressional District 2 (118th Congress), Kansas",0.22454041123560758,0.9997595501688068,0.2460431654676259,1.0,0.2199529965181921,0.8428131798164165,Kansas,02,0.5888515505344415
"Congressional District 3 (118th Congress), Kansas",0.22417462264491128,0.9998249031614019,0.5971223021582734,1.0,0.22422929020797777,0.9192179126651456,Kansas,03,0.6607615051396184
"Congressional District 4 (118th Congress), Kansas",0.22406980603120297,0.9997682124204581,0.2964028776978417,1.0,0.2217062276223425,0.8573353849419005,Kansas,04,0.5998804181189576
"Congressional District 1 (118th Congress), Kentucky",0.2296266144967183,0.9997457418469344,0.1510791366906475,1.0,0.224773226382846,0.816358041067544,Kentucky,01,0.570263793414115
"Congressional District 2 (118th Congress), Kentucky",0.23015069756525983,0.9997621217044796,0.1899280575539568,1.0,0.2279634967977106,0.8498965352576007,Kentucky,02,0.5829501514798345
"Congressional District 3 (118th Congress), Kentucky",0.22811548285010735,0.9997692470324782,0.36402877697841735,1.0,0.2275754992656091,0.8306998461293574,Kentucky,03,0.6083648087093282
"Congressional District 4 (118th Congress), Kentucky",0.2296360877183654,0.999785488941754,0.302158273381295,1.0,0.22830526745942667,0.880288640101873,Kentucky,04,0.606695626267119
"Congressional District 5 (118th Congress), Kentucky",0.22919909717141826,0.9997356251407044,0.07625899280575538,1.0,0.22551378084642015,0.7879662545763252,Kentucky,05,0.5531122917567706
"Congressional District 6 (118th Congress), Kentucky",0.2293139981823638,0.9997738218169316,0.3611510791366906,1.0,0.22879527228551194,0.8364142834403353,Kentucky,06,0.6092414091436388
"Congressional District 1 (118th Congress), Louisiana",0.2347702682633018,0.9997773140073585,0.3352517985611511,1.0,0.23436376109213755,0.863055128137104,Louisiana,01,0.6112030450101754
"Congressional District 2 (118th Congress), Louisiana",0.2350712722414437,0.9997563338749187,0.24316546762589925,1.0,0.2330940630522185,0.7405528731363082,Louisiana,02,0.5752733349884648
"Congressional District 3 (118th Congress), Louisiana",0.23582118469054042,0.9997693684869327,0.19712230215827337,1.0,0.23544577803829186,0.8294954104101449,Louisiana,03,0.5829423406306972
"Congressional District 4 (118th Congress), Louisiana",0.23678592535956988,0.9997557580908379,0.14964028776978416,1.0,0.2300430896067819,0.7877115721334961,Louisiana,04,0.5673227721600783
"Congressional District 5 (118th Congress), Louisiana",0.2369515539444967,0.9997571465701576,0.14676258992805752,1.0,0.22822113455532525,0.7879238075025203,Louisiana,05,0.5666027054167596
"Congressional District 6 (118th Congress), Louisiana",0.2386940155519741,0.9997876076472384,0.3352517985611511,1.0,0.2389713473530186,0.8783148511699475,Louisiana,06,0.6151699367138882
"Congressional District 1 (118th Congress), Maine",0.20876077426168463,0.9997871608148008,0.45323741007194246,1.0,0.2078936387511842,0.8889160078527086,Maine,01,0.6264324986253869
"Congressional District 2 (118th Congress), Maine",0.20896215661863438,0.9997554926903632,0.2460431654676259,1.0,0.20801721858468114,0.8438796625457633,Maine,02,0.5844429493178446
"Congressional District 1 (118th Congress), Maryland",0.23651456339754956,0.9998013964764205,0.3424460431654677,1.0,0.23527319772218638,0.8847561946198335,Maryland,01,0.6164652325635763
"Congressional District 2 (118th Congress), Maryland",0.23512872274691649,0.9998231353243417,0.5093525179856115,1.0,0.23460598989295706,0.8993632938929272,Maryland,02,0.6463789433071256
"Congressional District 3 (118th Congress), Maryland",0.23549298339863745,0.9998644433338175,0.6028776978417267,1.0,0.23354955181508266,0.9369395659786703,Maryland,03,0.6681207070613224
"Congressional District 4 (118th Congress), Maryland",0.2335845876184382,0.9998071018369076,0.32661870503597124,1.0,0.2340367830289448,0.8950496100175094,Maryland,04,0.6148494645896285
"Congressional District 5 (118th Congress), Maryland",0.23652831484832762,0.9998451140822965,0.44460431654676263,1.0,0.23193407678468078,0.9393749668382236,Maryland,05,0.6420477981833819
"Congressional District 6 (118th Congress), Maryland",0.23750008403664366,0.9998227064851566,0.4287769784172662,1.0,0.23433910676126532,0.9008595532445483,Maryland,06,0.63354973815748
"Congressional District 7 (118th Congress), Maryland",0.23368451482742542,0.9997699382732624,0.30935251798561153,1.0,0.2329584642324213,0.7737889319255054,Maryland,07,0.5915923945407043
"Congressional District 8 (118th Congress), Maryland",0.23450868511072365,0.999903704610819,0.766906474820144,1.0,0.23424881027444586,0.9297023398949436,Maryland,08,0.6942116691185127
"Congressional District 1 (118th Congress), Massachusetts",0.23777633540338508,0.9997869403974574,0.3122302158273381,1.0,0.23733861429100617,0.8168461824162997,Massachusetts,01,0.6006630480559144
"Congressional District 2 (118th Congress), Massachusetts",0.23562988673082788,0.9998316686243499,0.5093525179856115,1.0,0.23534438710257988,0.8700164482410994,Massachusetts,02,0.641695818114078
"Congressional District 3 (118th Congress), Massachusetts",0.23726019761751532,0.9998328846683329,0.41294964028776976,1.0,0.2359197575493102,0.8736085318618347,Massachusetts,03,0.6265951686641271
"Congressional District 4 (118th Congress), Massachusetts",0.23797068924104828,0.9998646067725279,0.5611510791366907,1.0,0.23794726808441397,0.8904122672043296,Massachusetts,04,0.654557651739835
"Congressional District 5 (118th Congress), Massachusetts",0.237402601530017,0.9999081264526262,0.7294964028776978,1.0,0.23761967366294942,0.8949275746803205,Massachusetts,05,0.6832257298672685
"Congressional District 6 (118th Congress), Massachusetts",0.23755631219093615,0.9998606767462898,0.5625899280575539,1.0,0.23767175593691697,0.8870430307210697,Massachusetts,06,0.6541202839421277
"Congressional District 7 (118th Congress), Massachusetts",0.2364723922818302,0.9998409186555837,0.553956834532374,1.0,0.23731457631840575,0.8079376028015068,Massachusetts,07,0.6392537207649501
"Congressional District 8 (118th Congress), Massachusetts",0.2359388359916416,0.9998582836437044,0.5856115107913669,1.0,0.23570495669158603,0.8824905820554996,Massachusetts,08,0.6566006948622998
"Congressional District 9 (118th Congress), Massachusetts",0.23828055526524716,0.9998212175435105,0.4489208633093525,1.0,0.23733799793273436,0.8768398153552289,Massachusetts,09,0.6335334082343456
"Congressional District 1 (118th Congress), Michigan",0.23761284593302373,0.9997456938649277,0.24028776978417266,1.0,0.23514530338078676,0.8299888576431262,Michigan,01,0.5904634117676729
"Congressional District 2 (118th Congress), Michigan",0.23773080282191994,0.9997521969262765,0.16402877697841722,1.0,0.23495947136183742,0.8573088555207725,Michigan,02,0.5822966839348707
"Congressional District 3 (118th Congress), Michigan",0.2365142578097545,0.9997766872423957,0.3870503597122303,1.0,0.23560202486019455,0.8658990820820289,Michigan,03,0.6208070686177674
"Congressional District 4 (118th Congress), Michigan",0.2366132682553565,0.9997735099338879,0.31510791366906477,1.0,0.23667079010350506,0.8591393855786067,Michigan,04,0.6078841445900701
"Congressional District 5 (118th Congress), Michigan",0.23646628052592883,0.9997606582532746,0.18848920863309349,1.0,0.23347219885197107,0.8623494455350984,Michigan,05,0.5867562986332278
"Congressional District 6 (118th Congress), Michigan",0.23559504972219014,0.999822513057692,0.5942446043165468,1.0,0.2355764459919146,0.8741603438212978,Michigan,06,0.6565664928182736
"Congressional District 7 (118th Congress), Michigan",0.23623097792372652,0.9997857798326698,0.381294964028777,1.0,0.2367586211572373,0.865830105587096,Michigan,07,0.6199834080882511
"Congressional District 8 (118th Congress), Michigan",0.23650356223692712,0.9997547819568887,0.2028776978417266,1.0,0.23629511973683967,0.8062715551546665,Michigan,08,0.5802837861545082
"Congressional District 9 (118th Congress), Michigan",0.23670219430372128,0.9997866000250972,0.26330935251798565,1.0,0.23663843129423526,0.8833978882580782,Michigan,09,0.603305744399853
"Congressional District 10 (118th Congress), Michigan",0.2361007975230276,0.9997722039236424,0.28057553956834536,1.0,0.23641068691280318,0.8560566668435294,Michigan,10,0.6014859824618913
"Congressional District 11 (118th Congress), Michigan",0.236777368901308,0.9998093734850384,0.5726618705035971,1.0,0.23743384164400008,0.8744840027590598,Michigan,11,0.6535277428821672
"Congressional District 12 (118th Congress), Michigan",0.23544072788568085,0.9997551043359963,0.23884892086330933,1.0,0.23619033883063276,0.7753541677720592,Michigan,12,0.5809315432812797
"Congressional District 13 (118th Congress), Michigan",0.2352897675149173,0.9997499567663376,0.16690647482014387,1.0,0.23516533502462042,0.7366212129251339,Michigan,13,0.5622887911751923
"Congressional District 1 (118th Congress), Minnesota",0.21784223235551353,0.9997808541797921,0.30935251798561153,1.0,0.21628196665131935,0.8811853345360005,Minnesota,01,0.6040738176180395
"Congressional District 2 (118th Congress), Minnesota",0.2181035099202966,0.9998212265401367,0.4705035971223022,1.0,0.21855571231600934,0.9381493075821086,Minnesota,02,0.6408555589134756
"Congressional District 3 (118th Congress), Minnesota",0.21626662168414323,0.9998384475822374,0.5841726618705037,1.0,0.21682066378087725,0.9248580675969651,Minnesota,03,0.6569927437524544
"Congressional District 4 (118th Congress), Minnesota",0.21652270425641018,0.9998114202175127,0.5294964028776978,1.0,0.21633959614973314,0.8904441025096832,Minnesota,04,0.6421023710018395
"Congressional District 5 (118th Congress), Minnesota",0.2162421746605378,0.999807575659224,0.5741007194244605,1.0,0.2160033727124633,0.8524062184963124,Minnesota,05,0.6430933434921663
"Congressional District 6 (118th Congress), Minnesota",0.21879077687140439,0.9998127142322565,0.3553956834532374,1.0,0.21883245718004996,0.9270865389717197,Minnesota,06,0.6199863617847781
"Congressional District 7 (118th Congress), Minnesota",0.21799135919950668,0.9997685303012527,0.2,1.0,0.2167698142234533,0.8646893404785907,Minnesota,07,0.5832031740338005
"Congressional District 8 (118th Congress), Minnesota",0.2186523456002386,0.9997711573161208,0.24460431654676262,1.0,0.21690079035621193,0.8665304823048761,Minnesota,08,0.5910765153540349
"Congressional District 1 (118th Congress), Mississippi",0.22647386521500243,0.9997551583157539,0.1899280575539568,1.0,0.22483178041866753,0.8412320263171857,Mississippi,01,0.5803701479700943
"Congressional District 2 (118th Congress), Mississippi",0.2256830040013666,0.9997336848683075,0.16258992805755396,1.0,0.2210171390744641,0.7740276967156576,Mississippi,02,0.563841908786225
"Congressional District 3 (118th Congress), Mississippi",0.22569981133009534,0.9997615249282711,0.26043165467625895,1.0,0.22282491788566924,0.8289117631453282,Mississippi,03,0.5896049453276038
"Congressional District 4 (118th Congress), Mississippi",0.22633054453911555,0.9997535524179664,0.19712230215827337,1.0,0.22254293397631827,0.8287844219239137,Mississippi,04,0.5790889591692646
"Congressional District 1 (118th Congress), Missouri",0.23421959905658937,0.9997605982757662,0.37985611510791367,1.0,0.23332026653797105,0.7614845864063247,Missouri,01,0.6014401942307609
"Congressional District 2 (118th Congress), Missouri",0.23359742230583105,0.9998170730976798,0.5597122302158275,1.0,0.23329838581932197,0.9149307582108559,Missouri,02,0.6568926449415861
"Congressional District 3 (118th Congress), Missouri",0.2353145201263178,0.9997825440460913,0.3553956834532374,1.0,0.232877104940543,0.8805857696185069,Missouri,03,0.6173259370307828
"Congressional District 4 (118th Congress), Missouri",0.23587771843262798,0.9997576233913493,0.20575539568345325,1.0,0.23031551996291988,0.8601421976972463,Missouri,04,0.5886414091945994
"Congressional District 5 (118th Congress), Missouri",0.2348130505546113,0.9997729206548679,0.33669064748201444,1.0,0.2347459032206569,0.8152968642224226,Missouri,05,0.6035532310224289
"Congressional District 6 (118th Congress), Missouri",0.23501657202612655,0.9997725352993764,0.2302158273381295,1.0,0.2310070739438855,0.8652040112484746,Missouri,06,0.5935360033093321
"Congressional District 7 (118th Congress), Missouri",0.2359043045707989,0.9997525927778319,0.24028776978417266,1.0,0.235369349612588,0.8196954422454502,Missouri,07,0.5885015764984737
"Congressional District 8 (118th Congress), Missouri",0.2359730618246892,0.9997501232039234,0.14388489208633093,1.0,0.2327510596739588,0.8237173024884596,Missouri,08,0.572679406546227
"Congressional District 1 (118th Congress), Montana",0.1672277258584114,0.9997685407973167,0.3942446043165468,1.0,0.16673816422619608,0.8866397835199236,Montana,01,0.6024364697863991
"Congressional District 2 (118th Congress), Montana",0.166425252308563,0.9997669319006537,0.30071942446043165,1.0,0.16461881630859332,0.8923754443678039,Montana,02,0.5873176448910076
"Congressional District 1 (118th Congress), Nebraska",0.19963897857890675,0.9997889946271202,0.3669064748201439,1.0,0.19771879640022114,0.8959144691462833,Nebraska,01,0.6099946189287792
"Congressional District 2 (118th Congress), Nebraska",0.19942567829794933,0.9998007562165183,0.4575539568345324,1.0,0.19892069503024162,0.8865761129092163,Nebraska,02,0.6237128665480763
"Congressional District 3 (118th Congress), Nebraska",0.1995631928057299,0.9997643558666678,0.20143884892086333,1.0,0.19817921602925975,0.8698519658301056,Nebraska,03,0.5781329299087711
"Congressional District 1 (118th Congress), Nevada",0.23128045564362598,0.9997693549919933,0.20575539568345325,1.0,0.2318203586835327,0.8398578023027538,Nevada,01,0.5847472278842265
"Congressional District 2 (118th Congress), Nevada",0.23744568940912156,0.9997899902537598,0.2647482014388489,1.0,0.23583315921212156,0.8750145911816204,Nevada,02,0.6021386052492453
"Congressional District 3 (118th Congress), Nevada",0.2394011457097613,0.9997833042610104,0.33812949640287765,1.0,0.2406287347459032,0.8789303337401178,Nevada,03,0.6161455024766117
"Congressional District 4 (118th Congress), Nevada",0.24066689035693267,0.9997662826441253,0.14676258992805752,1.0,0.23691209436691685,0.8694009656709291,Nevada,04,0.5822514704944936
"Congressional District 1 (118th Congress), New Hampshire",0.21075137315875714,0.9998185830314539,0.4287769784172662,1.0,0.21025244185738332,0.9060168727118374,New Hampshire,01,0.6259360415294496
"Congressional District 2 (118th Congress), New Hampshire",0.21084060479491698,0.9998125402974821,0.41294964028776976,1.0,0.20986845065404858,0.9061548257017031,New Hampshire,02,0.6232710102893201
"Congressional Districts not defined (118th Congress), New Hampshire",0.0,0.0,,1.0,0.0,1.0,New Hampshire,ZZ,
"Congressional District 1 (118th Congress), New Jersey",0.23544042229788578,0.9998083058853887,0.3496402877697842,1.0,0.23537428047876244,0.865453387807078,New Jersey,01,0.6142861140398166
"Congressional District 2 (118th Congress), New Jersey",0.237677019369988,0.9997925362989916,0.28057553956834536,1.0,0.23485962132180496,0.8666153764524858,New Jersey,02,0.6032533488352693
"Congressional District 3 (118th Congress), New Jersey",0.23750008403664366,0.9998417553418258,0.5093525179856115,1.0,0.23423771582555336,0.9204488778054862,New Jersey,03,0.6502301584991868
"Congressional District 4 (118th Congress), New Jersey",0.2367782856646932,0.9998197495939923,0.42014388489208637,1.0,0.2371478514058824,0.9008913885499018,New Jersey,04,0.632463526684426
"Congressional District 5 (118th Congress), New Jersey",0.23581904557597494,0.9998791633138177,0.6287769784172661,1.0,0.23571974929010936,0.9240515731946729,New Jersey,05,0.6707077516319734
"Congressional District 6 (118th Congress), New Jersey",0.2360387632006288,0.9998388734225471,0.4561151079136691,1.0,0.2359200657284461,0.8976441874038309,New Jersey,06,0.6375928329448536
"Congressional District 7 (118th Congress), New Jersey",0.2369219119283751,0.9998809896289486,0.6302158273381295,1.0,0.23686925746702636,0.934546612192922,New Jersey,07,0.6730724330925669
"Congressional District 8 (118th Congress), New Jersey",0.23246308041053887,0.9998476031488953,0.42014388489208637,1.0,0.23282872081620629,0.8413752851912771,New Jersey,08,0.621109762409834
"Congressional District 9 (118th Congress), New Jersey",0.23382416844977147,0.9998377653380792,0.3323741007194244,1.0,0.23491909989503418,0.874494614527511,New Jersey,09,0.6125749581549701
"Congressional District 10 (118th Congress), New Jersey",0.23348771628740167,0.999814904910751,0.3122302158273381,1.0,0.23241267898273765,0.8002122353690242,New Jersey,10,0.5963596252295421
"Congressional District 11 (118th Congress), New Jersey",0.2352952680952285,0.9998939627640164,0.6949640287769785,1.0,0.23557921960413775,0.9331458587573619,New Jersey,11,0.6831463896662872
"Congressional District 12 (118th Congress), New Jersey",0.23515500329729233,0.9998545005623618,0.5568345323741006,1.0,0.2351283535283121,0.8923011619886454,New Jersey,12,0.6532122586251187
"Congressional District 1 (118th Congress), New Mexico",0.2162583708136764,0.9997691420718384,0.40575539568345326,1.0,0.21579658451227263,0.8141030402716612,New Mexico,01,0.608613755558817
"Congressional District 2 (118th Congress), New Mexico",0.21486977987288772,0.9997420262402889,0.18705035971223022,1.0,0.211662669583274,0.844840027590598,New Mexico,02,0.5763608104998797
"Congressional District 3 (118th Congress), New Mexico",0.21441475964603154,0.9997588454330831,0.22733812949640292,1.0,0.21240168315116864,0.8473497108293098,New Mexico,03,0.5835438547593328
"Congressional District 1 (118th Congress), New York",0.23787473467339695,0.9998669743846722,0.5323741007194245,1.0,0.2380899550243369,0.9307582108558391,New York,01,0.6564939959429449
"Congressional District 2 (118th Congress), New York",0.23605495935376739,0.9998448846683269,0.31366906474820144,1.0,0.23684491131529006,0.9229638669284236,New York,02,0.6182296145023348
"Congressional District 3 (118th Congress), New York",0.23732742693243028,0.9998880714732534,0.6000000000000001,1.0,0.23777499594744436,0.9279938451742983,New York,03,0.6671640565879043
"Congressional District 4 (118th Congress), New York",0.23635290745395862,0.9998767267275387,0.4834532374100719,1.0,0.23690377353024747,0.9413593675386003,New York,04,0.6496576687767361
"Congressional District 5 (118th Congress), New York",0.24475901652068738,0.9998066939898503,0.2561151079136691,1.0,0.24498268957793634,0.8747758263914681,New York,05,0.6034065557322685
"Congressional District 6 (118th Congress), New York",0.23096203316116518,0.9998072292891129,0.41870503597122305,1.0,0.23164038206816553,0.8678887886666313,New York,06,0.6248339115260497
"Congressional District 7 (118th Congress), New York",0.22884858797047533,0.9998351023367061,0.4762589928057554,1.0,0.23033370253193813,0.8445641216108665,New York,07,0.629973417875957
"Congressional District 8 (118th Congress), New York",0.2378588441080534,0.9998046187680596,0.3424460431654677,1.0,0.23846315995791506,0.7526927362444952,New York,08,0.5952109003739985
"Congressional District 9 (118th Congress), New York",0.2327029668296672,0.9998194572036389,0.3870503597122303,1.0,0.23359670322287576,0.8123680161298881,New York,09,0.61092291718305
"Congressional District 10 (118th Congress), New York",0.2256536675730401,0.9999789463951123,0.7323741007194244,1.0,0.22603922627313425,0.8344033533188306,New York,10,0.6697415490465902
"Congressional District 11 (118th Congress), New York",0.23211532149975156,0.9998270473573274,0.3827338129496403,1.0,0.23260837273403587,0.8692577067968377,New York,11,0.6194237102229322
"Congressional District 12 (118th Congress), New York",0.21752625457541327,0.9999999999999999,1.0,1.0,0.21848668018956716,0.8536159600997506,New York,12,0.7149381491441219
"Congressional District 13 (118th Congress), New York",0.24867665205345832,0.9998523668625003,0.3539568345323741,1.0,0.24897792389577875,0.6807767814506287,New York,13,0.5887067597991233
"Congressional District 14 (118th Congress), New York",0.22245752482442455,0.9997989284019497,0.2474820143884892,1.0,0.2212590596961477,0.8285191277126334,New York,14,0.5865861091706075
"Congressional District 15 (118th Congress), New York",0.23358428203064313,0.9998042154193155,0.1654676258992806,1.0,0.23327619692153698,0.6657133761341327,New York,15,0.5496409494008182
"Congressional District 16 (118th Congress), New York",0.23648858843496878,0.9998868794202739,0.5352517985611511,1.0,0.23698513282212577,0.8629171751472383,New York,16,0.645254929064293
"Congressional District 17 (118th Congress), New York",0.2369087716531872,0.999876642759027,0.5568345323741006,1.0,0.23589078871053534,0.9196689128243222,New York,17,0.6581966080535288
"Congressional District 18 (118th Congress), New York",0.23776441747937743,0.9998172875172723,0.3553956834532374,1.0,0.23490554001305447,0.8722555313843052,New York,18,0.6166897433078745
"Congressional District 19 (118th Congress), New York",0.23678898123752057,0.999774812945258,0.3294964028776979,1.0,0.23505685596878267,0.8163315116464158,New York,19,0.6029080941126125
"Congressional District 20 (118th Congress), New York",0.23807978408388752,0.9998105520430784,0.4503597122302158,1.0,0.23769486937210965,0.8422401443200509,New York,20,0.6280308436748904
"Congressional District 21 (118th Congress), New York",0.237528503701585,0.9997754562040356,0.23453237410071942,1.0,0.23131155493015737,0.8443253568207142,New York,21,0.5912455409595353
"Congressional District 22 (118th Congress), New York",0.23595533773257524,0.9997813070099805,0.33669064748201444,1.0,0.2344491267127826,0.8321218231018199,New York,22,0.6064997070065288
"Congressional District 23 (118th Congress), New York",0.23737662656743622,0.9997783936025098,0.28345323741007195,1.0,0.23623255937225143,0.8360216480076404,New York,23,0.5988104108266517
"Congressional District 24 (118th Congress), New York",0.23774119280695225,0.9997707509685013,0.22877697841726619,1.0,0.2339424802133586,0.8412903910436674,New York,24,0.5902536322416244
"Congressional District 25 (118th Congress), New York",0.23655062275736757,0.999783947519788,0.4345323741007194,1.0,0.23654751844914396,0.8243433968270812,New York,25,0.6219596432756833
"Congressional District 26 (118th Congress), New York",0.23610018634743746,0.9997729431464335,0.3539568345323741,1.0,0.23650622244493302,0.7749827558762667,New York,26,0.600219823724574
"Congressional District 1 (118th Congress), North Carolina",0.22881008390829677,0.9997490106211425,0.17553956834532375,1.0,0.22564999602448915,0.7862259245503264,North Carolina,01,0.5693290972415965
"Congressional District 2 (118th Congress), North Carolina",0.2257725412253215,0.9998370920905474,0.7093525179856115,1.0,0.2268512782962378,0.909067756141561,North Carolina,02,0.6784801976232132
"Congressional District 3 (118th Congress), North Carolina",0.22824596883860138,0.9997543846058955,0.20575539568345325,1.0,0.21335241578542843,0.842791956279514,North Carolina,03,0.5816500201988154
"Congressional District 4 (118th Congress), North Carolina",0.22721980502276326,0.999788193927383,0.48776978417266187,1.0,0.22573073895809564,0.8590067384729665,North Carolina,04,0.6332525434256451
"Congressional District 5 (118th Congress), North Carolina",0.2283067808098199,0.9997527517182292,0.2503597122302158,1.0,0.22729104992317095,0.8224226667374118,North Carolina,05,0.5880221602364747
"Congressional District 6 (118th Congress), North Carolina",0.22769163257834815,0.9997635971511865,0.3323741007194244,1.0,0.22738473638048537,0.8250172441237332,North Carolina,06,0.6020385518255296
"Congressional District 7 (118th Congress), North Carolina",0.23062710893777072,0.9997591288268103,0.28776978417266186,1.0,0.2280913911391102,0.8204754072266143,North Carolina,07,0.5944538033838279
"Congressional District 8 (118th Congress), North Carolina",0.22887914674998214,0.999770876921269,0.23165467625899278,1.0,0.22771972710121158,0.8764790152278877,North Carolina,08,0.5940839070432239
"Congressional District 9 (118th Congress), North Carolina",0.2284687423412059,0.9997586849932482,0.25755395683453236,1.0,0.2157250869527432,0.8406112378627899,North Carolina,09,0.59035295149742
"Congressional District 10 (118th Congress), North Carolina",0.22910008672581625,0.9997607302262846,0.2071942446043165,1.0,0.22838724310957678,0.8658831644293521,North Carolina,10,0.5883875781825577
"Congressional District 11 (118th Congress), North Carolina",0.22806903350525703,0.9997591198301841,0.34676258992805753,1.0,0.2271141550991628,0.846590969385048,North Carolina,11,0.6080493112912849
"Congressional District 12 (118th Congress), North Carolina",0.22677578595652953,0.9997785480445939,0.42446043165467623,1.0,0.2275277314995442,0.8876691250596912,North Carolina,12,0.6277019370358392
"Congressional District 13 (118th Congress), North Carolina",0.23245391277668684,0.9997907114832983,0.38417266187050364,1.0,0.2306973539123033,0.884358253302913,North Carolina,13,0.6219121488909508
"Congressional District 14 (118th Congress), North Carolina",0.22914898077302712,0.9998161029614813,0.5510791366906476,1.0,0.2292603146015891,0.878415662970234,North Carolina,14,0.6479533663328297
"Congressional District (at Large) (118th Congress), North Dakota",0.23740321270560713,0.9997915811571702,0.3107913669064748,1.0,0.23409564524390222,0.8480235581259616,North Dakota,00,0.6050175606898526
"Congressional District 1 (118th Congress), Ohio",0.2399423416948266,0.9998048901662852,0.5079136690647483,1.0,0.23781752466819894,0.812192921950443,Ohio,01,0.6329452245907503
"Congressional District 2 (118th Congress), Ohio",0.24045664595392593,0.9997656738724149,0.1510791366906475,1.0,0.2373087209148236,0.8370562954316336,Ohio,02,0.5776110788105742
"Congressional District 3 (118th Congress), Ohio",0.2400224056971344,0.9997923383732138,0.4949640287769785,1.0,0.24081579948139614,0.8246776675332944,Ohio,03,0.6333787066436696
"Congressional District 4 (118th Congress), Ohio",0.2406112733782303,0.9997783081345603,0.2647482014388489,1.0,0.23655491474840565,0.8750888735607789,Ohio,04,0.6027969285434707
"Congressional District 5 (118th Congress), Ohio",0.2401012473482619,0.999765714357233,0.20431654676258992,1.0,0.23883698124976502,0.8451265453387807,Ohio,05,0.5880245058427718
"Congressional District 6 (118th Congress), Ohio",0.23971101173396017,0.9997518385606637,0.1482014388489209,1.0,0.2362393393132413,0.8170796413222263,Ohio,06,0.5734972116298355
"Congressional District 7 (118th Congress), Ohio",0.23936753105230382,0.9997868654255719,0.39136690647482014,1.0,0.23905763751107134,0.8884756194619834,Ohio,07,0.6263424266542917
"Congressional District 8 (118th Congress), Ohio",0.23958449838680204,0.9997778762964998,0.28489208633093527,1.0,0.23954949141197202,0.8774765214623017,Ohio,08,0.6068800789814185
"Congressional District 9 (118th Congress), Ohio",0.23984272007363444,0.9997638745471628,0.24172661870503598,1.0,0.23898182544363927,0.8205125484161936,Ohio,09,0.590137931197611
"Congressional District 10 (118th Congress), Ohio",0.239881224135813,0.9997687462202829,0.30647482014388494,1.0,0.23767915223617864,0.8074547673369767,Ohio,10,0.5985431183455227
"Congressional District 11 (118th Congress), Ohio",0.2387728572031016,0.9997523303762327,0.31510791366906477,1.0,0.23787823595797175,0.69859924656444,Ohio,11,0.5816850972951352
"Congressional District 12 (118th Congress), Ohio",0.2408658280115219,0.9997759465201669,0.24172661870503598,1.0,0.24019790031391128,0.8563007375179074,Ohio,12,0.5964778385114239
"Congressional District 13 (118th Congress), Ohio",0.23996373284048136,0.999771569661491,0.32661870503597124,1.0,0.2394092699051363,0.8226720432960153,Ohio,13,0.6047392201231826
"Congressional District 14 (118th Congress), Ohio",0.24017122695333248,0.9997677385981417,0.2474820143884892,1.0,0.23908167548367174,0.8416193558656551,Ohio,14,0.5946870018815483
"Congressional District 15 (118th Congress), Ohio",0.23890487113057096,0.9997823461203136,0.32661870503597124,1.0,0.23763477444060865,0.8694911657027644,Ohio,15,0.6120719770717048
"Congressional District 1 (118th Congress), Oklahoma",0.2421468520484467,0.9997770621018232,0.320863309352518,1.0,0.24215607054343694,0.8529049716135194,Oklahoma,01,0.6096413776099574
"Congressional District 2 (118th Congress), Oklahoma",0.24376524501112645,0.9997446187680896,0.13381294964028778,1.0,0.2403023730409823,0.8314373640367168,Oklahoma,02,0.5748437584162005
"Congressional District 3 (118th Congress), Oklahoma",0.24222783281413968,0.9997530171187039,0.16402877697841722,1.0,0.23689945902234483,0.8195203480660052,Oklahoma,03,0.5770715723332684
"Congressional District 4 (118th Congress), Oklahoma",0.2426709351169882,0.9997690745971415,0.2460431654676259,1.0,0.23615520640913984,0.8512654533878071,Oklahoma,04,0.5959839724964504
"Congressional District 5 (118th Congress), Oklahoma",0.24252455856315064,0.9997811420718324,0.39136690647482014,1.0,0.2410768272095057,0.8555154666525177,Oklahoma,05,0.6217108168286377
"Congressional District 1 (118th Congress), Oregon",0.21496481767715384,0.999829806322714,0.525179856115108,1.0,0.21528161717617922,0.8915318087759325,Oregon,01,0.6411313176778479
"Congressional District 2 (118th Congress), Oregon",0.21544520169100062,0.9997578767963223,0.1913669064748202,1.0,0.21324547762527019,0.8545179604181037,Oregon,02,0.5790555705009195
"Congressional District 3 (118th Congress), Oregon",0.2143010809862663,0.9998084603274728,0.43884892086330934,1.0,0.21474415276316494,0.8834509471003342,Oregon,03,0.6251922603400913
"Congressional District 4 (118th Congress), Oregon",0.21568203223217827,0.9997672437836974,0.31798561151079136,1.0,0.21623573978093394,0.826407385790842,Oregon,04,0.5960130021830738
"Congressional District 5 (118th Congress), Oregon",0.21611138308424874,0.9997997755842559,0.3899280575539568,1.0,0.2166887631107109,0.8957924338090943,Oregon,05,0.6197200688570446
"Congressional District 6 (118th Congress), Oregon",0.21594055950680577,0.9997976268900174,0.35251798561151076,1.0,0.21440977840071054,0.8801719106489097,Oregon,06,0.6104729768429923
"Congressional District 1 (118th Congress), Pennsylvania",0.23331567035877843,0.9998350468575108,0.48057553956834537,1.0,0.23312703821976008,0.924805008754709,Pennsylvania,01,0.6452763839598507
"Congressional District 2 (118th Congress), Pennsylvania",0.23313078974276233,0.9997542316632491,0.24460431654676262,1.0,0.2329945211913219,0.760428715445429,Pennsylvania,02,0.5784854290982541
"Congressional District 3 (118th Congress), Pennsylvania",0.23123095042082498,0.9997708304387,0.4561151079136691,1.0,0.23152728032528924,0.7235103730036611,Pennsylvania,03,0.607025757017024
"Congressional District 4 (118th Congress), Pennsylvania",0.23359192172551985,0.9998350108710058,0.5438848920863311,1.0,0.231407706820559,0.915562158433703,Pennsylvania,04,0.6540469483228531
"Congressional District 5 (118th Congress), Pennsylvania",0.2331766279120225,0.9998131145821251,0.45179856115107914,1.0,0.2326484360217032,0.8639146813816523,Pennsylvania,05,0.6302252368414304
"Congressional District 6 (118th Congress), Pennsylvania",0.2342831613179635,0.9998408151943816,0.5453237410071943,1.0,0.23440598163375623,0.9031463893457845,Pennsylvania,06,0.6528333480831799
"Congressional District 7 (118th Congress), Pennsylvania",0.2342687986915953,0.9997929021617928,0.30647482014388494,1.0,0.23370210048735449,0.8807131108399214,Pennsylvania,07,0.6091586220540915
"Congressional District 8 (118th Congress), Pennsylvania",0.23361575757353514,0.9997700477322153,0.23884892086330933,1.0,0.23133559290275776,0.8318936700801188,Pennsylvania,08,0.5892439981919894
"Congressional District 9 (118th Congress), Pennsylvania",0.23387825748949848,0.9997677086093876,0.17841726618705034,1.0,0.22997621473429103,0.8552873136308166,Pennsylvania,09,0.5828877934418407
"Congressional District 10 (118th Congress), Pennsylvania",0.23430394128802812,0.999784718230771,0.33669064748201444,1.0,0.23228601735788165,0.8684193770891919,Pennsylvania,10,0.6119141169079811
"Congressional District 11 (118th Congress), Pennsylvania",0.233970545003609,0.9997846237661953,0.2820143884892086,1.0,0.2337363083714397,0.8975168461824163,Pennsylvania,11,0.6078371186354782
"Congressional District 12 (118th Congress), Pennsylvania",0.23339634553667635,0.9997858997876866,0.4302158273381295,1.0,0.23286878410387363,0.8000848941476097,Pennsylvania,12,0.6160586251523293
"Congressional District 13 (118th Congress), Pennsylvania",0.23387856307729354,0.999764949644001,0.16258992805755396,1.0,0.23203608407866458,0.8583912559027962,Pennsylvania,13,0.5811101301267182
"Congressional District 14 (118th Congress), Pennsylvania",0.23324110693678185,0.9997673862302798,0.23453237410071942,1.0,0.23046098051506594,0.8348808828991352,Pennsylvania,14,0.588813788446997
"Congressional District 15 (118th Congress), Pennsylvania",0.23378352527302743,0.9997618413096279,0.21151079136690648,1.0,0.22874103275759308,0.844166180293946,Pennsylvania,15,0.5863272285001835
"Congressional District 16 (118th Congress), Pennsylvania",0.23387581278713795,0.9997696848682894,0.2762589928057554,1.0,0.23142527303130545,0.8314585875736191,Pennsylvania,16,0.5954647251776846
"Congressional District 17 (118th Congress), Pennsylvania",0.23240165726373022,0.9997989089092595,0.4820143884892086,1.0,0.23259419649378432,0.8657558232079376,Pennsylvania,17,0.63542749572732
"Congressional District 1 (118th Congress), Rhode Island",0.16665352639147876,0.9998052605273995,0.3827338129496403,1.0,0.165500208637275,0.8825754762031093,Rhode Island,01,0.5995447141181504
"Congressional District 2 (118th Congress), Rhode Island",0.1677359183616094,0.9998022991379221,0.37841726618705035,1.0,0.1665785274337985,0.9042818485700642,Rhode Island,02,0.6028026432817407
"Congressional District 1 (118th Congress), South Carolina",0.22434361269558384,0.9997894684494366,0.4503597122302158,1.0,0.2205373041598636,0.9076033320952936,South Carolina,01,0.6337722382717322
"Congressional District 2 (118th Congress), South Carolina",0.2248044390905463,0.9997639960016174,0.3611510791366906,1.0,0.2207561113463545,0.8675704356130949,South Carolina,02,0.6123410101980507
"Congressional District 3 (118th Congress), South Carolina",0.2235665029327261,0.999755768586902,0.22302158273381295,1.0,0.22221472319658192,0.8436621212925134,South Carolina,03,0.5853701164570894
"Congressional District 4 (118th Congress), South Carolina",0.22531843776185057,0.9997673502437748,0.3611510791366906,1.0,0.2248780072890529,0.8568525494773704,South Carolina,04,0.6113279039847899
"Congressional District 5 (118th Congress), South Carolina",0.2241269509488807,0.9997709099088986,0.25755395683453236,1.0,0.22215986731039125,0.8710564015493182,South Carolina,05,0.5957780144253368
"Congressional District 6 (118th Congress), South Carolina",0.22387392425456443,0.9997480959641393,0.2589928057553957,1.0,0.21893600536971328,0.7816946994216586,South Carolina,06,0.5805409217942453
"Congressional District 7 (118th Congress), South Carolina",0.2255277654014721,0.99974323028877,0.18848920863309349,1.0,0.22497107738809552,0.8380591075502732,South Carolina,07,0.5794650648769507
"Congressional District (at Large) (118th Congress), South Dakota",0.2720776486363756,0.9997740902162817,0.2964028776978417,1.0,0.26844005268630505,0.8499071470260519,South Dakota,00,0.6144336360438093
"Congressional District 1 (118th Congress), Tennessee",0.23510885954023705,0.9997431868050765,0.1827338129496403,1.0,0.23363152746523277,0.8224491961585398,Tennessee,01,0.5789444304864544
"Congressional District 2 (118th Congress), Tennessee",0.23583799201926917,0.9997694089717508,0.3294964028776979,1.0,0.23590650584646639,0.8608531861834775,Tennessee,02,0.610310582649777
"Congressional District 3 (118th Congress), Tennessee",0.23566105668592482,0.9997664715732767,0.25323741007194245,1.0,0.23441091249993065,0.8455934631506341,Tennessee,03,0.5947782189969515
"Congressional District 4 (118th Congress), Tennessee",0.2358728290279069,0.9997614574535741,0.21007194244604316,1.0,0.23548923129645416,0.87881891017138,Tennessee,04,0.5933357283992264
"Congressional District 5 (118th Congress), Tennessee",0.23445520724658675,0.9998007382232659,0.5208633093525179,1.0,0.23523991437550887,0.8986151642171167,Tennessee,05,0.6481623889024994
"Congressional District 6 (118th Congress), Tennessee",0.23626978757370015,0.9997584405849014,0.24892086330935254,1.0,0.23518814028067722,0.8518384888841726,Tennessee,06,0.5953292867721339
"Congressional District 7 (118th Congress), Tennessee",0.23431708156321604,0.999770747969626,0.3237410071942446,1.0,0.22919682969959315,0.8671088236854672,Tennessee,07,0.609022415018691
"Congressional District 8 (118th Congress), Tennessee",0.23381836228166517,0.9997736988630395,0.27050359712230215,1.0,0.23045851508197873,0.844962062927787,Tennessee,08,0.5965860393794621
"Congressional District 9 (118th Congress), Tennessee",0.23447904309460205,0.9997509358991623,0.24460431654676262,1.0,0.23313196908593453,0.7769512389239667,Tennessee,09,0.5814862505917381
"Congressional District 1 (118th Congress), Texas",0.23509021868473792,0.9997640424841864,0.17410071942446043,1.0,0.2313494609638734,0.8486920995383881,Texas,01,0.5814994235159411
"Congressional District 2 (118th Congress), Texas",0.23268493714975821,0.9998205877796722,0.42446043165467623,1.0,0.23405157562746812,0.9290550220194196,Texas,02,0.636678759038499
"Congressional District 3 (118th Congress), Texas",0.23842907093365018,0.9998489136574539,0.5568345323741006,1.0,0.23937382930450748,0.9359367538600307,Texas,03,0.6617371833549571
"Congressional District 4 (118th Congress), Texas",0.23632571014019757,0.9998312787705453,0.4776978417266187,1.0,0.23620143327952525,0.9021754125324986,Texas,04,0.6420386127415642
"Congressional District 5 (118th Congress), Texas",0.23622547734341529,0.9997796411346845,0.18417266187050363,1.0,0.23611945762937514,0.8886984665994588,Texas,05,0.5908326174295729
"Congressional District 6 (118th Congress), Texas",0.23322002137892214,0.9997853359991076,0.2071942446043165,1.0,0.22825534243941045,0.907343343768239,Texas,06,0.5959663813649994
"Congressional District 7 (118th Congress), Texas",0.2387346587287181,0.9998349853805647,0.5654676258992806,1.0,0.23940279814328233,0.8545497957234574,Texas,07,0.6496649773125505
"Congressional District 8 (118th Congress), Texas",0.23580437736181167,0.9997976403849568,0.3122302158273381,1.0,0.2356198992500769,0.9188305831166764,Texas,08,0.6170471193234767
"Congressional District 9 (118th Congress), Texas",0.23140085723488274,0.9997783831064458,0.30503597122302156,1.0,0.2325556741017965,0.8563113492863585,Texas,09,0.6041803724920842
"Congressional District 10 (118th Congress), Texas",0.23379880466278083,0.9998235566663383,0.4287769784172662,1.0,0.23097533149288754,0.8654639995755293,Texas,10,0.6264731118024671
"Congressional District 11 (118th Congress), Texas",0.23245971894479314,0.9997759930027359,0.19568345323741004,1.0,0.22719921254067194,0.8590863267363507,Texas,11,0.5857007840769937
"Congressional District 12 (118th Congress), Texas",0.2358700787377513,0.999801937773434,0.343884892086331,1.0,0.23420412429973997,0.8951132806282167,Texas,12,0.6181457189209122
"Congressional District 13 (118th Congress), Texas",0.23524637404801763,0.9997720464826829,0.21726618705035966,1.0,0.22819678840358892,0.8528572186554889,Texas,13,0.5888897691066897
"Congressional District 14 (118th Congress), Texas",0.23471373452121422,0.9998052365363962,0.22014388489208636,1.0,0.22814069980085463,0.8612723510373004,Texas,14,0.5906793177979753
"Congressional District 15 (118th Congress), Texas",0.23365212252114823,0.9997594242160391,0.1726618705035971,1.0,0.23165055197965032,0.8292725632726694,Texas,15,0.5778327554155173
"Congressional District 16 (118th Congress), Texas",0.23575792801696135,0.999748050981008,0.23453237410071942,1.0,0.23093804181744332,0.8116570276436568,Texas,16,0.5854389037599649
"Congressional District 17 (118th Congress), Texas",0.237470136432727,0.9997832937649465,0.22446043165467622,1.0,0.23152943757924055,0.8345360004244707,Texas,17,0.5879632166426768
"Congressional District 18 (118th Congress), Texas",0.23486316695300244,0.9997832787705693,0.24460431654676262,1.0,0.23238802465186545,0.8121080278028333,Texas,18,0.5872911357875055
"Congressional District 19 (118th Congress), Texas",0.234132506534995,0.9997746390104837,0.21151079136690648,1.0,0.2261504789411951,0.8305831166763942,Texas,19,0.5836919220883291
"Congressional District 20 (118th Congress), Texas",0.24356355706638164,0.9997616343872239,0.2129496402877698,1.0,0.24328308164343304,0.8423674855414655,Texas,20,0.5903208998210456
"Congressional District 21 (118th Congress), Texas",0.23370926743882592,0.9998175124329288,0.5035971223021583,1.0,0.2323824774274192,0.8991139173343238,Texas,21,0.644770049489276
"Congressional District 22 (118th Congress), Texas",0.23867629145986013,0.9998391433213348,0.502158273381295,1.0,0.23886379283458856,0.9179020533771953,Texas,22,0.649573259062379
"Congressional District 23 (118th Congress), Texas",0.2278254800325879,0.9997960554792972,0.28633093525179854,1.0,0.21996594004190004,0.8897012787180983,Texas,23,0.6039366149206137
"Congressional District 24 (118th Congress), Texas",0.23108060122565155,0.9998613454955084,0.618705035971223,1.0,0.2320416313031108,0.9287950336923648,Texas,24,0.6684139412813098
"Congressional District 25 (118th Congress), Texas",0.2378237015116206,0.9997870078721544,0.2920863309352518,1.0,0.23760149109393114,0.877715286252454,Texas,25,0.6075023029442354
"Congressional District 26 (118th Congress), Texas",0.23705514820702475,0.999841827314836,0.5194244604316547,1.0,0.2383297183920692,0.9373905661378469,Texas,26,0.6553402867472385
"Congressional District 27 (118th Congress), Texas",0.23475346093457305,0.9997725607898175,0.1453237410071942,1.0,0.2302828529745142,0.8480023345890593,Texas,27,0.576355825049193
"Congressional District 28 (118th Congress), Texas",0.2335063571429008,0.9997635041860484,0.1453237410071942,1.0,0.23289528750956126,0.8531012893298668,Texas,28,0.5774316965292619
"Congressional District 29 (118th Congress), Texas",0.2365304539628931,0.999748749718981,0.028776978417266175,1.0,0.23802338833098194,0.8381280840452061,Texas,29,0.5568679424125548
"Congressional District 30 (118th Congress), Texas",0.23591041632670026,0.9997651955517854,0.27482014388489207,1.0,0.23483681606574816,0.8487663819175466,Texas,30,0.5990164922911121
"Congressional District 31 (118th Congress), Texas",0.23862067448115779,0.9998044433338475,0.38417266187050364,1.0,0.2298566412295608,0.9036716718841195,Texas,31,0.6260210154665315
"Congressional District 32 (118th Congress), Texas",0.2319090497380807,0.9998032992628747,0.41870503597122305,1.0,0.23303581719553287,0.8539661484586406,Texas,32,0.622903225104392
"Congressional District 33 (118th Congress), Texas",0.23715538100380704,0.9997586415095545,0.17553956834532375,1.0,0.23795959524985008,0.8593250915265029,Texas,33,0.5849563796058397
"Congressional District 34 (118th Congress), Texas",0.23655581774988374,0.9997406422592824,0.11510791366906475,1.0,0.23678574092119675,0.8146442404626731,Texas,34,0.5671390591770168
"Congressional District 35 (118th Congress), Texas",0.23484391492191317,0.9997719160316021,0.28489208633093527,1.0,0.2329220990943848,0.8389451902159495,Texas,35,0.5985625344324642
"Congressional District 36 (118th Congress), Texas",0.23294652030233634,0.9997933354992911,0.19568345323741004,1.0,0.23092140014410456,0.8793335809412639,Texas,36,0.5897797150207343
"Congressional District 37 (118th Congress), Texas",0.23455024505085287,0.9998601909284717,0.7266187050359711,1.0,0.2354728978022513,0.8571921260678093,Texas,37,0.6756156941475594
"Congressional District 38 (118th Congress), Texas",0.2335121633110071,0.9998423356242196,0.5769784172661871,1.0,0.2348272625125352,0.9170902530906776,Texas,38,0.6603750719674378
"Congressional District 1 (118th Congress), Utah",0.2511956122482033,0.9997919260278435,0.3899280575539568,1.0,0.2508686028945417,0.91199129834987,Utah,01,0.6339625828457359
"Congressional District 2 (118th Congress), Utah",0.25166316157465723,0.9997831408223,0.3194244604316547,1.0,0.2515814212358846,0.907072743672733,Utah,02,0.621587487956205
"Congressional District 3 (118th Congress), Utah",0.24855533369881636,0.9998051375735073,0.4705035971223022,1.0,0.24930027927193296,0.9116092746856264,Utah,03,0.6466289370586975
"Congressional District 4 (118th Congress), Utah",0.25207784421256446,0.999801260027589,0.3410071942446043,1.0,0.2522350691831342,0.9464742399320847,Utah,04,0.6319326012666627
"Congressional District (at Large) (118th Congress), Vermont",0.1967423118694578,0.9997824390854516,0.45899280575539575,1.0,0.1964974824846388,0.8760545444898392,Vermont,00,0.6213449306141305
"Congressional District 1 (118th Congress), Virginia",0.24139388372139928,0.999818442084309,0.5338129496402877,1.0,0.23926689114434926,0.9160078527086539,Virginia,01,0.6550500032164999
"Congressional District 2 (118th Congress), Virginia",0.239300912912979,0.9997993602400103,0.3971223021582733,1.0,0.22969114903358104,0.9029553775136626,Virginia,02,0.628144850309751
"Congressional District 3 (118th Congress), Virginia",0.23787595702457723,0.9997643108835365,0.26906474820143883,1.0,0.2231056690784766,0.8221202313365522,Virginia,03,0.5919884860874302
"Congressional District 4 (118th Congress), Virginia",0.23964531035802056,0.9997684058479227,0.30647482014388494,1.0,0.2343363331490422,0.8257919032206718,Virginia,04,0.601002795453257
"Congressional District 5 (118th Congress), Virginia",0.24138929990447328,0.9997743871049484,0.3294964028776979,1.0,0.23753215078835305,0.8447073804849579,Virginia,05,0.6088166035267384
"Congressional District 6 (118th Congress), Virginia",0.23955210608052485,0.9997700357367136,0.25323741007194245,1.0,0.23745017513820293,0.8521197007481297,Virginia,06,0.5970215712959189
"Congressional District 7 (118th Congress), Virginia",0.24020117455724913,0.9998257308510179,0.3884892086330935,1.0,0.2369774283437282,0.9319573406908261,Virginia,07,0.6329084805126525
"Congressional District 8 (118th Congress), Virginia",0.23799758096701426,0.9999167257278936,0.79568345323741,1.0,0.23504021429544394,0.9141826285350454,Virginia,08,0.6971367671271346
"Congressional District 9 (118th Congress), Virginia",0.24016236490727552,0.9997508624267145,0.1913669064748202,1.0,0.23690901257555783,0.818337135883695,Virginia,09,0.5810877137113438
"Congressional District 10 (118th Congress), Virginia",0.2394390385963497,0.9999017523429204,0.6417266187050359,1.0,0.23994149527284023,0.9613837746060381,Virginia,10,0.6803987799205307
"Congressional District 11 (118th Congress), Virginia",0.23858767099929043,0.9999146640010422,0.8302158273381295,1.0,0.23801660838999206,0.9499071470260518,Virginia,11,0.709440319625751
"Congressional District 1 (118th Congress), Washington",0.23484208139514276,0.9998661062102381,0.581294964028777,1.0,0.23499367924592263,0.9332466705576484,Washington,01,0.6640405835729549
"Congressional District 2 (118th Congress), Washington",0.2355146801320873,0.999797649381583,0.35683453237410073,1.0,0.23268326026406022,0.8733220141136521,Washington,02,0.6163586893775805
"Congressional District 3 (118th Congress), Washington",0.2353640253491188,0.9997913772336416,0.2561151079136691,1.0,0.23587137342497347,0.8929325622114925,Washington,03,0.6033457410221493
"Congressional District 4 (118th Congress), Washington",0.235113137769368,0.9997765807823182,0.1913669064748202,1.0,0.23547875320583347,0.8892715020958243,Washington,04,0.5918344800546941
"Congressional District 5 (118th Congress), Washington",0.23642472058579958,0.9997745775335376,0.302158273381295,1.0,0.23378592521232003,0.8389345784474983,Washington,05,0.6018463458600751
"Congressional District 6 (118th Congress), Washington",0.2357860420941076,0.9997962474073241,0.33956834532374097,1.0,0.2294547756363437,0.8819334642118108,Washington,06,0.6144231457788879
"Congressional District 7 (118th Congress), Washington",0.2338773407261133,0.9999043478695967,0.7884892086330935,1.0,0.2344722401479753,0.8805433225447021,Washington,07,0.6895477433202468
"Congressional District 8 (118th Congress), Washington",0.23470517806295232,0.9998491535674875,0.4431654676258993,1.0,0.2357126611699836,0.9376399426964503,Washington,08,0.6418454005204621
"Congressional District 9 (118th Congress), Washington",0.23293032414919776,0.9998374114707796,0.44028776978417267,1.0,0.23275414146531784,0.8971878813604287,Washington,09,0.6338329213716495
"Congressional District 10 (118th Congress), Washington",0.23496920591789103,0.9998014234662993,0.29784172661870506,1.0,0.2281813794467938,0.9001273412214146,Washington,10,0.6101535127785173
"Congressional District 1 (118th Congress), West Virginia",0.2731829596911363,0.999745542421719,0.15827338129496404,1.0,0.27004751505917346,0.781662864116305,West Virginia,01,0.5804853770972164
"Congressional District 2 (118th Congress), West Virginia",0.27472587246843433,0.9997619417719544,0.21438848920863307,1.0,0.2722004545025896,0.8118586512442298,West Virginia,02,0.5954892348659735
"Congressional District 1 (118th Congress), Wisconsin",0.22409853128393936,0.9997801944271997,0.28633093525179854,1.0,0.22310320364538935,0.8679418475088874,Wisconsin,01,0.6002091186862023
"Congressional District 2 (118th Congress), Wisconsin",0.22463911609341453,0.9998035676622248,0.5323741007194245,1.0,0.22486752919843223,0.8763463681222475,Wisconsin,02,0.6430051136326239
"Congressional District 3 (118th Congress), Wisconsin",0.22477235237206417,0.9997699877547069,0.25323741007194245,1.0,0.2234745595041521,0.8665198705364249,Wisconsin,03,0.5946290300398819
"Congressional District 4 (118th Congress), Wisconsin",0.22350202390796675,0.9997660367363408,0.32661870503597124,1.0,0.22366285695618865,0.7801347694593304,Wisconsin,04,0.5922807320159663
"Congressional District 5 (118th Congress), Wisconsin",0.2257126460174882,0.9998080434837895,0.42589928057553955,1.0,0.2261831459296008,0.91164110999098,Wisconsin,05,0.6315407043328997
"Congressional District 6 (118th Congress), Wisconsin",0.2245679141371637,0.9997734454580665,0.25755395683453236,1.0,0.22190900949376646,0.8834562529845599,Wisconsin,06,0.5978767631513481
"Congressional District 7 (118th Congress), Wisconsin",0.22524326316426385,0.9997649121580582,0.2158273381294964,1.0,0.22441882037655791,0.8702817424523797,Wisconsin,07,0.5892560127134594
"Congressional District 8 (118th Congress), Wisconsin",0.22497067885106325,0.9997746075222917,0.2647482014388489,1.0,0.22465118744502854,0.8877434074388497,Wisconsin,08,0.600314680449347
"Congressional District (at Large) (118th Congress), Wyoming",0.17660804881581674,0.999779380232523,0.2762589928057554,1.0,0.17499212602307768,0.8963389398843318,Wyoming,00,0.5873295812935841
"Resident Commissioner District (at Large) (118th Congress), Puerto Rico",1.0,0.9996927142323164,,1.0,1.0,0.0,Puerto Rico,98,
